,username,description,location,following,followers,totaltweets,retweetcount,text,hashtags
0,backslashDMC,,,435,109,22805,352,This past week I did a stretch in the ICU at my rural hospital - 100% of the ICU patients were unvaccinated and COVID+ğŸ˜¢ https://t.co/QKf419BWOw,[]
1,JohnnyHoffs,"(insert something edgy with swear words here)and no,I won't explain or give a thesis on my tweets..if offended just scroll along...",Paradise city ,984,1235,83487,19,All this Covid vaccination BS is going to result in more people not taking ANY vaccines. You watch. Big pharma have totally fucked themselves.,[]
2,vanalich,Men our age do not compensate - we do what we want.,,4979,2418,328036,46,"BREAKING: Chinaâ€™s economy slows further, dragged down by a worsening property slump and disruptions from Covid outbreaks https://t.co/80gTSGbeaL https://t.co/8ATk1Wpce5",[]
3,confusemenow_1,"Pisces, book lover, planet earth ğŸ’—, politics, equal rights, on Darug/Gundungurra land ğŸ–¤ fully vaxxed because I believe science over conspiracy preachers..",Blue Mountains NSW Australia,2012,318,49521,131,Yesterday Scotty was on TV stating the Australian people have decided to live with covid.  I don't remember the vote do you?,[]
4,kschmann,A cook makes. A thief takes.,,389,388,14477,0,@cultureoflosing Just need to be one of the top 24 teams for when the season gets COVID cancelled again ğŸ™‚,[]
5,mdotevans,My aunts used to nudge me in the side at weddings...to say I was next; they stopped when I started to do the same at funerals.,DMV,1859,2003,26012,1577,COVID running through the NFL right now https://t.co/3OU1c666Ce,[]
6,meowdeer_,what a time to be alive,"effective.

Power
Ù„ÙÙ„ÙØµÙ‘Ø¨ÙÙ„ÙÙ„Øµ",339,135,16534,0,@OriginallyGauge noooo pls dont have covid we need to get the pancit :''(((,[]
7,tiwariratan45,"LOVE KILLS LOVELY â¤
à¤à¤•à¥‹ à¤…à¤¹à¤‚ à¤¦à¥à¤µà¤¿à¤¤à¥€à¤¯à¥‹ à¤¨à¤¾à¤¸à¥à¤¤à¤¿ à¤¨ à¤­à¥‚à¤¤à¥‹ à¤¨ à¤­à¤µà¤¿à¤·à¥à¤¯à¤¤à¤¿ ğŸ’€
à¤¹à¤° à¤¹à¤° à¤®à¤¹à¤¾à¤¦à¥‡à¤µ ğŸ™ğŸ»
Proud to be an INDIAN ğŸ‡®ğŸ‡³","Uttar Pradesh, India ",597,101,87,1063,"@AktuStudents  please tweet more and more for your own safety from COVID-19 third wave. 
If u want that @AKTU_Lucknow should conduct online exam than tweet + retweet + tag + use hashTag on daily basis.
Show your unity guys.",[]
8,meryam_wm,"Working out, good food, great books.",,260,77,748,4,"These farmers in #Tonga are working in unison to strengthen food security and livelihoods for the good health and well-being of the whole community.
https://t.co/kkUaakM445",['Tonga']
9,REvamped_,"I do it for the ratchets. I block, So be careful. ğŸ™‚",EVERYwhere,854,756,230876,1,honestly how many players you think have to have covid before the league pauses.,[]
10,thezropercenter,Free thinking black man. Dark Energies I donâ€™t touch,,268,92,1437,15924,"Dr. Peter McCullough explains to Joe Rogan, that in order to make people more willing to take the Covid vaccine, there was a concerted effort to not have a protocol for Covid treatment. https://t.co/Ueb3ppjQOF",[]
11,Popcornbytes,is Walter von Tagen III. Lover of cinema & mysteries. Fan of James Bond! Hooman to both #Westies Tizzy and Darby.,"California, USA",520,778,103848,859,"Tonight, I joined a bipartisan, bicameral group of Members for a moment of silence in remembrance of the 800,000 American lives lost to COVID-19 â€” a devastating toll for our nation. https://t.co/toCdSZmDsU",[]
12,RussoHockey,"NHL & #mnwild scribe for @theathletic. @kfan1003, @BallySportsNor contributor + https://t.co/AjNFZB0oGH pod. Ex-FlaPanthers scribe, Isles diehard, Newsday paperboy","Minneapolis, MN",721,164384,186141,6,Oilers head coach Dave Tippett officially placed in Covid protocol.,[]
13,atlaspurred,"Software developer
Cat lover
Whisky nerd","Cape Town, South Africa",418,157,6253,312,"Vote on mandatory Covid passes won 369 to 126 but big Tory rebellion. Not v. comfortable sharing voting lobby with rebels, but my reasons for voting against mandatory passes are clear: they undermine trust &amp; risk entrenching opposition. Vax should be done with community not to it",[]
14,WonkBalrog,How can a Balrog sleep with all these Trumpster fires and Republicans screaming conspiracy theories?,Mines of Moria,322,60,15817,24,"Our Missouri school ended all first-contact quarantine measures 1 week ago; even though we already had covid positives among students.

This week, multiple members of the admin staff have covid, including the principal - who voted to listen to the AG ğŸ¤¦â€â™€ï¸ğŸ˜¢",[]
15,StynaLane,Author | Streamer | Creator | she/they | EDS&co | Disabled Activist | MMJ ğŸŒ± | Celestial Cryptid âœ¨| ğŸ³ï¸â€ğŸŒˆ | I AM TIRED | @AshhBrownAE ğŸ¤ğŸ’ |,BLACK LIVES MATTER,953,3989,21535,4525,YOUR MOM IS SO OLD sheâ€™s at an elevated risk for Covid and I hope sheâ€™s taking extra steps to ensure her safety during this frightening time,[]
16,awbraxtonjr,"Independent, Retired NYS worker&USNR,OIF, Black/Cherokee,No BS,Guitars,BLM,MyOathStillStands No DMs","Queens, NY",2311,1537,39185,1,@inqdragon2 @awbraxtonjr It's really quite easy.  The US has set off in a new direction after the Biden inauguration.  The Western Alliances have been rebooted; Covid elevated to national emergency level; the Afghan war is over; our economy has improved dramatically &amp; infrastructure spending is on.,[]
17,cina_bean,,"Boston, MA",220,19,243,585,"Covid deaths reach 800,000... higher than any other country. We can thank the anti-maskers, anti-vaxxers, and misinformation spreaders like Fox News.",[]
18,mikeythenurse,"Youth Health Nurse Specialist/SBHS Nurse Educator (he/they) -
BHSc MHPrac - 
Grumpy old hardcore punk - 
Proud co-parent to 4 cats","Auckland, New Zealand",1427,2774,24237,0,@koAmberteingoa @eva3034385615 @DocPNW It's pretty simple to infer by the huge disparity in hospitalisation rates between vaccinated and unvaccinated. If incidental COVID infections while hospitalised for other issues was in any way prominent that gap wouldn't be nearly as huge.,[]
19,theconnieshow,"be kind,treat everyone how you want to be treated..live love laugh..mostly laugh..the truth never hurts as much..as finding out you were lied too.","Phoenix,Arizona",956,802,48786,554,"JUST IN @BannerHealth COVID update is grim:
â–¶ï¸Hospitalizations at highest levels of pandemic
â–¶ï¸Based on forecast, Banner won't be able to meet care needs by mid-January
â–¶ï¸Up to 100% of COVID patients in ICU have been unvaccinated,
â–¶ï¸Banner is AZ's largest health care network",[]
20,Testarosa10a,Raging Pissed-off Nana.  #keepfamiiestogether. Stop the mob -- visit https://t.co/OW7lqsMHYp.,,1248,307,30896,3666,"Today, the House holds a moment of silence for the 800,000 lost to COVID-19.
 
If we held one minute for each individual, we'd be silent for a year and a half.
 
Honor their memory by protecting yourself and your loved ones.
 
Please, go get vaccinated (and boosted).",[]
21,AllyPutvin,"Ally, she/her, 23, bi, chronically ill disabled and tired af",Oly,685,316,8850,159,The government should be handing out N95 and KN95 masks to literally everyone along with free at-home COVID tests.,[]
22,nursebales,ICU Registered Nurse | ASU Alumni,"Phoenix, Arizona",144,58,987,554,"JUST IN @BannerHealth COVID update is grim:
â–¶ï¸Hospitalizations at highest levels of pandemic
â–¶ï¸Based on forecast, Banner won't be able to meet care needs by mid-January
â–¶ï¸Up to 100% of COVID patients in ICU have been unvaccinated,
â–¶ï¸Banner is AZ's largest health care network",[]
23,__CarpeDiem__3,Advocate for those in need. Opposing views appreciated - not hate. PMP. Equality. WIP. Athlete / Outdoor Enthusiast. ğŸ’™ #Resist,most beautiful state in the US,4759,5231,11295,0,@AdamKinzinger @joncoopertweets Wish I believed the Republican insanity would go away as quickly as Trump promised COVID would.,[]
24,tweetofy21,Bhakts & Chamchas - Keep Distance,"Mumbai, India",84,63,2096,0,"@AlokikV Kya uncle, bakwaas karne se better hai get fully vaccinated and mask up.
This nonsense on Twitter is not gonna help you against COVID.",[]
25,lockeddownout,just curious,"London, England",4998,1558,38626,363,"Just to say, on German TV I have yet to see anyone say ""World beating, best, first in the world""when discussing Covid.  Does the UK have insecurities?",[]
26,SandiLeyva,Accountantâ€™s Accelerator Founder. CPE Provider. CPA Practice Advisor Top 25 Thought Leader. Authored 30 books. World traveler. Neuroscientist. CPA/MBA. She/her.,"Carlsbad,CA",328,159,76,0,@cards_fan_66 Definitely. COVID was declared a disaster by Trump. You could argue disaster relief and deadline extensions applicable to all disasters. Iâ€™d have to look up the statute  .,[]
27,Ben_PanthERA,Tomorrow doesnâ€™t exist until you wake up,In the center looking around ,340,228,83132,64,"Be scared of unlimited government power, not COVID!",[]
28,solutions_covid,Cutting through the #COVID19Canada bs to move us towards #COVID19elimination with a #COVIDnormal life under a #CanadaBubble.,"Ottawa, Ontario",353,629,24784,0,"@realreporter Whatever happened to the promised ""in hospital because of covid"" data?",[]
29,CLosP3,Sports. Soulection. UNCO Athletics. Instagram: carlos_prado_jr   Î£Î›Î’âš“ï¸,"Colorado, USA",407,129,5314,0,I wanted to go to the Crimson Room so bad. Damn you covid ğŸ˜­,[]
30,ScaryRebelBat,#ACAB #AbolishPolice #BlackLivesMatter #AbolishICE #AbolishPrisons FTP Land Back! Union Power! @SoapBlocChi DO NOT CALL POLICE IF IM IN A MENTAL HEALTH CRISIS!,My secret lair,2752,1035,27154,0,"@DonaldJeffery1 @AlissaAzar Nope, not at all, I just donâ€™t waste my time with chuds and covid deniers.",[]
31,mimi09831415,,,36,144,5472,202,"@P_McCulloughMD As a physician intimately involved in the care of Covid-19 patients I could not agree more . It is high time to end this mess..malfeasance , disingenuity and a violation of our oaths on a grand scale. I have for the first time been ashamed of our medical establishmentâ€¦",[]
32,winyi_patrick,Have an attitude of Gratitude. Don't wait till Thanksgiving. ğŸ‘Œ,"Kampala, Uganda",493,431,8087,5484,"In August I contracted COVID while pregnant. I thought the baby and I wouldn't survive, or that I would have to push back my graduation. However, yesterday proved me wrong. I was discharged from the hospital with a healthy baby girl at 12pm and attended graduation at 6pm #PhDMom https://t.co/jJRkR4Wuz9",[]
33,xovaleriax0,trust the process ğŸ¥  DU â€˜22,"Denver, CO",775,1433,12321,0,@omartrevizo21 It got cancelled bc Covid is bad out there still so I applied to the Costa Rica program but yeah Iâ€™m excited,[]
34,philipnoons,,"Ascot, Berkshire UK",123,126,14877,15,"'Tonight Boris got his Covid passports through Parliament, but he had to rely on votes from the opposition, because of 99 Conservative MPs.'

Dominic Frisby and the Headliners panel discuss today's votes in Parliament on coronavirus restrictions. https://t.co/CAgOsz8e8z",[]
35,PeterNoTail,a retrogaming newsjunkie you may have known at some point in your life | ğŸ³ï¸â€ğŸŒˆ #timecube,south Mississippi,992,405,44562,45,"I know there are many who would like to forget this happened, but @JeremyCorbyn emphatically condemned COVID vaccine mandates today as tyrannical, coercive and ethically wrong, arguing that only persuasion is valid. It's worth thinking about why that is:

https://t.co/pHZbQTSM6G",[]
36,audispeak,"Vaxxed, masked, foodie, à¦¬à¦¾à¦™à¦¾à¦²à¦¿. Senior editor @vtdigger. Formerly @Rewire_News, @southcoasttoday, @VilleJournal. @EmersonCollege alum. RTs/links â‰  endorsements.","Providence, RI",4978,3065,92377,11,"I don't view a mask mandate as ""punishment.""  It's a science-backed way to protect our communities and the most vulnerable during times of high COVID risk. I care about all my fellow Vermonters and want to do the most to protect them regardless of *why* they are vulnerable. https://t.co/zQRzaI8ork",[]
37,carma_615,No longer politically affiliated but am horrifically reminded of extreme liberal overreach in our current events. Aspiration dies when authoritarianism reigns.,Florida,1082,339,8865,5,"The treatment death spiral.

How many people died of blood clots in the lungs, undiagnosed, which could have been addressed by a simple apixaban tablet twice per day?

This is why we are preparing a Covid kit for our family. Doctors were incompetent as to early treatment. https://t.co/bN1MCAakpu",[]
38,OvisRedding,"ğŸ‘¨â€ğŸŒ¾dad, husband, ğŸ„ğŸ“ğŸ–ğŸ‘ wrangler, amateur ğŸ§€maker, home butcherğŸ–ğŸ”ª  smoker of ğŸ—ğŸ¥“ winter wood ğŸ”¥, inept ğŸšœ ğŸ”§, Deep House obsessed  ğŸšï¸, deadhead âš¡ğŸ’€","Earlton, ON",2272,470,7818,0,@Hannah_Bananaz My kid's concert is only available on Zoom or Teams this year and they're doing a parody call '12 days of Covid'. Makes me sick to my stomach,[]
39,penismightier_,Waluigi enthusiast. Bills/Sabres fan.,,1630,465,130565,84,"1 out of every 100 Americans over 65 gone because you canâ€™t be bothered to where a scrap of cloth over your breathing holes when youâ€™re out in public.

https://t.co/IyFvnpleKs",[]
40,CollingsworthSr,,,79,378,82177,556,Today is my birthday #64 It was a rough year as I lost my son to covid. Iâ€™m  grateful to be alive to raise my grandchildren. A birthday wish would brighten my day. Thanks Twitter fam! ğŸ‰ğŸˆğŸ™,[]
41,Shanks75017,...,,74,79,8309,279,"The Best Player on the Planet was at it again tonight in Brooklyn, going assassin in overtime for the COVID-rocked Nets. Nothing like Kevin Durant. You watch, Bron?",[]
42,asbinvancity,#RobZombie #Metallica #LouisVuittonğŸˆ #Indigenous #Sexwork She/Her ğŸ‡¨ğŸ‡¦ #YVR â™ï¸ ğŸ•‹Sushi+Pho=â£ï¸Treaty 6 ğŸª¶#Cree â€¢Fearless&Fabulousâ€¢ #humanrights #socialjustice,"Vancouver, British Columbia",2427,3648,213928,64,If BC is on track (in the worst case scenario) for 2000 COVID cases a day by end of December - should we be still allowing big public events like Canucks games and concerts?,[]
43,maxcultidiot,I'm 23 and a little confused,Kenfucky,108,7,622,0,Why is my boss ghosting me now that I have COVID is he mad that I can't come into work for two weeks? Does he think messaging me will get him infected? Is he fag? All three maybe.,[]
44,marionste,I Retweet what I think my followers may find interesting. Retweets are not necessarily endorsements Ice Monster/Fing/Beast of Buckingham Palace/David Walliams,England,10284,10303,532210,11,"ğŸ§ª People will still be able to complete Covid certification - referred to as â€œvaccine passportsâ€ - with proof of a recent negative lateral flow test

https://t.co/3QaGqDBXzA",[]
45,_dirtyydan_,â€¢ 23 â€¢ she/her â€¢ we boolin â€¢ insta: Danielle.Burroughs â€¢,"Milwaukee, WI",704,472,14090,3610,remember when we thought covid was gonna last three months? now look at us .... about to enter our third year with it. https://t.co/cen6GtUOrt,[]
46,romelreaves,Bedlam Vodka | Investor | Supply Chain Manager Sneaker Enthusiastic 2-5 Worldwide NC âœˆï¸ Ohio @ncatsuaggies,"Cincinnati, OH",1752,1607,31525,3610,remember when we thought covid was gonna last three months? now look at us .... about to enter our third year with it. https://t.co/cen6GtUOrt,[]
47,crusader4US,"I'm Ed, Unapologetic American. Rtd LEO, CI/CT/Sec pro.  History, good/bad is ours God Bless America! ğŸ‡ºğŸ‡¸ God protect Israel. ğŸ‡®ğŸ‡±",,4996,4379,177336,41,"@Cornell Again, CDC says 95% of ""Covid-related deaths"" (whatever that means) are among immunocompromised/have underlying health conditions. 

Maybe if you're sickly, you are the one who takes the extra precautions and not all of society? Just throwing it out there.",[]
48,PaxRhodes,,,3390,2339,26936,0,Paul Gosar Takes Credit for Covid Funding He Bashed as a â€˜Democrat Spending Bonanzaâ€™ @RepGosar https://t.co/3TQBGHctJ7 via @RollingStone,[]
49,rick41fan,,,928,516,4528,7306,LeBron James surviving Covid is proof itâ€™s not dangerous to little babies.,[]
50,breratliff,Living and Loving this Colorado Lifestyle.  Hotty Toddy!,"Denver, CO",1213,194,1895,0,"@Brownskinned06 Myself, my wife and my two kids (8 &amp; 10) have not had Covid.  Weâ€™ve been exposed no telling how many times because I work in the grocery/food business and my wife is in the hotel business.  Weâ€™ve tried to follow the science and it has paid off so far.",[]
51,KoethHannah,"Hannah, 25 | #Linguistics & #genderstudies | barista, translator-ish | #Queer #ActuallyAutistic #linksgrÃ¼nversifft |  ğŸ’07.09.19 @theorenwulf | ğŸˆğŸˆ",,140,78,3359,0,"My grandparents are vaccinated + booster shot, they still got covid.
No symptoms, no need to go to the hospital &amp; most importantly, they're alive.
They're both over 80 &amp; my grandma has multiple chronic illnesses.
W/o the vaccine I don't think they'd still be alive
#GetVaccinated https://t.co/hShr610SIC",['GetVaccinated']
52,IlliFadli,ì•ˆë…•í•˜ì„¸ìš”! Hidup biarlah berbakti walau tidak dipuji. #HentikanDiskriminasi,ë§ë ˆì´ì‹œì•„,743,766,81295,96,Increase your protection level against COVID-19 by taking your booster dose.,[]
53,whatsbit,,,60,6,7181,0,"Covid-19: US surpasses 800,000 pandemic deaths
https://t.co/LJrt7y7ULD",[]
54,pinkandtweed,"I like tweeting about politics manly. Liberal, free marketeer.","Worcester, England",3758,2900,83250,19,"Getting irritated by politicians sermonising to me about the need to â€˜protect the NHSâ€™. Keeping hospital admissions due to covid down to manageable levels &amp; people taking precautions is sensible. But if NHS canâ€™t cope with me getting ill, maybe it needs to change rather than me?",[]
55,whoizzdiz,,,322,252,3806,42,"THT, Monk, and Dwight all out with covid protocol  https://t.co/Rh4I3JIBgX",[]
56,CherieLarsson,#libertarian #fiscalrestraint #commonsense #naturalimmunity #cats #gardening,"Dallas, TX",561,49,3750,156,"It really worries me how the government is making us all enemies. Grocery employees yelling at customers. Strangers scolding other strangers on the subway. People calling for frontline heroes to be fired even if they already had covid. Please you all, donâ€™t take the bait.",[]
57,POLEPAW,"Deputy Editor, @YardBarker. Former Editorial Consultant, @CBSSports. Family man. Music fan.",,4922,1623,29903,0,Donte DiVincenzoâ€™s return delayed as he enters COVID-19 protocols https://t.co/bB3o2lWDgw via @yardbarker,[]
58,Canucks_316,I drink a lot of beer because Iâ€™m a Canucks fan and thatâ€™s the bottom line. RIP Kobe ğŸ,,98,20,463,0,"Poolman left the game because of Covid? This is a horrible spot for the rest of the players to be put in. Be better @NHL, this game should have been cancelled. #Canucks #BlueJackets","['Canucks', 'BlueJackets']"
59,Rikaequeso,I am a Tenki stan before a human Ù©(à¹‘â›á´—â›à¹‘)Û¶â™¡,,18,25,5256,176,"In US, pro-Trump counties have far higher COVID death rates. Misinformation is to blame. This is what happens when ideology impacts trust in science. Overall, 91% of Democrats are vaccinated compared with just 59% of Republicans. 
 https://t.co/bhWf7lUqHH",[]
60,WynGalbraith,"Virtual Life Explorer: Minecraft,SL,Trekkier,Artist #CyberWarrior #CitizenSluth #FreedomFighter  #WeThePeople #TheResistance #Aspie#NeverAgainğŸ‡ºğŸ‡¸ğŸ‡µğŸ‡·ğŸ‡»ğŸ‡®&ğŸ‡¨ğŸ‡¦",Republic of Berkeley CA,5002,4399,173009,556,Today is my birthday #64 It was a rough year as I lost my son to covid. Iâ€™m  grateful to be alive to raise my grandchildren. A birthday wish would brighten my day. Thanks Twitter fam! ğŸ‰ğŸˆğŸ™,[]
61,RodPiece,#CryptoDuckies 3475 3052 2677 Eth gas made me a #Sol maxi $Woof,The Pond,556,466,5208,7306,LeBron James surviving Covid is proof itâ€™s not dangerous to little babies.,[]
62,TheFoodEconomy,"Reporter, free-born man of the USA. Pitches, tips: thefoodeconomy@gmail.com","Oakland, CA",1783,3119,737,0,"@JeffreyGoldberg There's something wrong with you. You are broken. 

https://t.co/Pko0VB2PTc",[]
63,HelenClarkNZ,I'm former Prime Minister of #NewZealand & former @UNDP Administrator: passionate about human & sustainable #development world-wide.,"Auckland, New Zealand.",6433,224876,78219,5,'The setback to gender equality caused by the pandemic is a stark reminder of the fact that women and girls bear a particular burden when disasters strike'; Former NZ PM @HelenClarkNZ explains why COVID has hit girls and women so hard @WorldVision  https://t.co/lvCh40Xcv8,[]
64,Centrallibrar18,"Central Library, KIIT Deemed to be University, Bhubaneswar, India-751024",,19,27,5245,288,"Ecstatic to learn that the #THEAwardsAsia Leadership &amp; Management Team of the Year is #KIIT, which stood out for its zeal to respond to the unknown &amp; involvement in serving society (expanding free Covid hospitals, distributing masks &amp; sanitiser &amp; community education).

#KIITinTHE https://t.co/Ke3VT5inoD","['THEAwardsAsia', 'KIIT']"
65,Tglatin,Life is Random,,1838,1061,84137,333,"The politics of COVID are about to become extremely fraught once more, for the simple reason that Omicron does not give a fuck about the federal election.",[]
66,SFatlan,,,86,0,273,1836,"As the pandemic raged across the country, at least 75 lawmakers bought and sold stock in companies that make COVID-19 vaccines, treatments, and tests. 

It is ludicrous that this is not illegal.",[]
67,njoyflyfishing,Global Venture Captial and Private Equity/Business Development Professional,"Los Angeles, CA",8,33,99813,0,7 Day Growth Distribution of Covid Deaths by State per 1K Population Using County Data for 2021-12-09:  Covid Insights From Our Analytics Team and USAFacts #datavisualization #datascience #analytics #health #data #covid19 #publichealth #covid #omicron #globalhealth https://t.co/mS9sv1OrjQ,"['datavisualization', 'datascience', 'analytics', 'health', 'data', 'covid19', 'publichealth', 'covid', 'omicron', 'globalhealth']"
68,nikunj_malpani,Building Neodocs | Ex-Bain & Co. | IIT Bombay,,118,104,107,28,"Most of us have used Glucometers post Covid to keep a check on Blood sugar levels. But do you know that we can have Urine tests at home now? Let us understand the Technology behind @neodocs  wellness card. 

A ThreadğŸ§µ
Kindly retweet to spread awareness.

1/n",[]
69,MyoMyatThu187,"ğ°ğ ğ¦ğ®ğ¬ğ­ ğ°ğ¢ğ§!!! âœŠğŸ’ª  My 2nd accountğŸ‘‰@RuShi59587350. I tweet about #WhatsHappeningInMyanmar.
                             ğŸ­á·á¦á·á®ğŸ­    ğŸ’›Ê™xÉ¢ğŸ¢",United Kingdom,304,209,7703,0,"About 200 IDPs have died due to COVID-19 at IDP camps camps in Shan and Kayah State. In addition to COVID-19 epidemic,mothers and children in refugee camps face deaths from malnutrition. #TakeAction_NoMoreWords #Dec15Coup #WhatsHappeningInMyanmar https://t.co/FuOlYv0S29","['TakeAction_NoMoreWords', 'Dec15Coup', 'WhatsHappeningInMyanmar']"
70,mo_gardiner,talks about hockey (esp the leafs + mr / jg) a lot in either all caps or none | loves hugs | puts smiley faces beside name sometimes | neuro @ uwo | [she/her],lk / london,426,879,203934,7,Oilers head coach Dave Tippett officially placed in Covid protocol.,[]
71,smallgovlizard,"Multiple RTs from @redsteeze and @roncoleman, @michaelmalice once too.

If you RT me, just follow me. Lots more where that came from",,405,563,35907,4,LAUSD to postpone vaccine mandate so students aren't forced to study from home https://t.co/3Ef5qxTHqy via @abc7,[]
72,rka_pro,,,7,92,13173,209,"From South Korea to the UK, countries with some of the world's highest vaccination rates are battling record Covid surges, with South Korean hospitals so stretched patients are dying while waiting for beds. It's unclear why Covid has resurfaced with a vengeance in some countries. https://t.co/EDwPOQAQJ8",[]
73,harshambbs2012,Doctor,Hyderabad,273,58,1781,0,COVID-19 India Statistics as of 15/12/2021 10:32:30 amÂ (IST) https://t.co/PYQ35jqlUT,[]
74,keypitshot,Practicing Computer Science,"Virginia, USA",732,115,1729,307,"For those who think #Covid in India is over, yesterday a senior producer in Doordarshan who retired exactly a month ago passed away after being in hospital for 4-5 days.Just 60 years old. Double vaccinated. 4-5 days in hospital and gone. Please continue to take all precautions.",['Covid']
75,masaisaif,Love talking,Zimre Park. Zimbabwe ,143,68,103,0,@nickmangwana I have just recovered from Covid-19 thanks to vaccination I was not hospitalised. I however think we are so relaxed and may overwhelm our health management systems if we don't curtail movement if pple especially as we approach Christmas &amp; New year.,[]
76,KetoMattMan,"Ottawa Senators fan. LCHF/Keto and IF are awesome. Opinions are my own. I'm pro freedom, free speech, bodily autonomy. If you're being obtuse I will block you.",Earth,900,732,35479,202,"@P_McCulloughMD As a physician intimately involved in the care of Covid-19 patients I could not agree more . It is high time to end this mess..malfeasance , disingenuity and a violation of our oaths on a grand scale. I have for the first time been ashamed of our medical establishmentâ€¦",[]
77,Cape_Dave,18 years serving the local community tech needs. Currently I focus on WordPress web sites and hosting. Life is a work in progress. Me too. I love Twitter!,,1599,1536,35164,22,Have we tried telling COVID to fuck off in a Brian Cox voice?,[]
78,FromInfinityTV,,United States,27,3402,439,0,"For those who don't know, Dr McCullough is THE MAN when it comes to Covid-19 treatment. You Need To Follow Him! https://t.co/KAny8GPrWQ",[]
79,Centrallibrar18,"Central Library, KIIT Deemed to be University, Bhubaneswar, India-751024",,19,27,5245,180,"The #THEAwardsAsia Leadership and Management Team of the Year is @KIITUniversity, which stood out for its readiness to react to the unknown, and its engagement to serve society, including developing free Covid hospitals, distributing masks and sanitiser, and community educationğŸ‰ https://t.co/01dpxwisHP",['THEAwardsAsia']
80,IBTimesUK,"International Business Times UK: Keeping your world connected so you know whatâ€™s next.
Facebook: https://t.co/drCmDDD7gI",London,1041,30404,196455,0,"According to an AFP tally from official sources as of 1100 GMT on Tuesday, the Covid-19 pandemic has caused at least 5,311,914 deaths and 270,068,257 infections. 
https://t.co/nrQ4aIM5Ck",[]
81,ArtofeVan,"I'm an artist, poet, and philosopher. I'm interested in freedom of expression in all forms of art. Please enjoy my art!",Megrez,1807,1319,192477,8,"Whatever you do, do not search ""Genital necrosis with cutaneous thrombosis after COVID-19 mRNA vaccination""",[]
82,toastman51,Interest in what is happening and willing to comment. Have desire to live life and leave this planet no worse of than when I entered.,"Penrith, Sydney",2027,1411,45137,0,"â€˜A terrible tragedyâ€™: US passes 800,000 Covid deaths â€“ highest in the world. #FreeDumb protesters take note 200, 000 preventable, they were unvaccinated ğŸ˜ https://t.co/VbBeYHnMwx",['FreeDumb']
83,MuddiedThoughts,ğŸ‡¨ğŸ‡¦ A bunch of weird from Canada and very much a fan of democracy. #resist,Canada,1420,715,16985,104,Itâ€™s time to put anti vaxxers in lockdown. No more spreading Covid and creating variants that keep us in this endless cycle. In my opinion itâ€™s not good enough to just avoid them anymore. Theyâ€™re directly responsible for this ongoing pandemic and itâ€™s time to put a stop to it.,[]
84,heardboutpluto,...,,714,820,33996,22,"Australiaâ€™s COVID-19 booster program is falling behind, risking more suffering from COVID-19 and a repeat of mistakes seen overseas where Omicron is spreading rapidly.
THREAD....

https://t.co/r8JH4mZG0e",[]
85,duquette_tim,"Husband, father, business owner, farmer. No one owes me anything, I work hard for what I have. My tweets are my own.",Rural Ontario,2087,1525,61756,41,Student files lawsuit against University of Lethbridge over COVID-19 vaccine policy https://t.co/CHZo3RyRae https://t.co/XGuHmZlGbg,[]
86,DNBsports,"Oilers reporter, @TheAthleticNHL. PHWA member. Ontario/Saskatchewan/Alberta. Honorary Islander. ""Jump into the rush as the seasons build.""",Edmonton,859,8962,22193,0,The Oilers coach Dave Tippett is now in COVID protocol.,[]
87,TownCarTaxi,Essential Survival Tools #essential #survival #tools #farming #solar #offthegrid #gear #food #prepping #taxis,"Texas, USA",3362,2550,86501,217,Check out my latest post: Covid/vaccine discussion: Dr. Peter McCullough with the legendary Joe Rogan (Pandemic) https://t.co/OqIgbqzELE via LinkedIn,[]
88,_BobCunningham,"The vacuity of Twitter commentary is overwhelming. Still, a profundity appears from time to time.",ğŸ‡¨ğŸ‡¦,29,4,292,0,"@852852hk Absolutely true.

But it might be a bigger risk letting COVID spread between teams than making the fans buy a few extra beers before starting one game.",[]
89,MaxHazelwood,"Sens Fan































































Carleton U Class of 2024",,122,140,4988,0,@TheFlopFish 100%. I'm so sick of COVID and it's been challenging for mental health... but cancelling games seems obvious here,[]
90,eidnew1993,Come as you are.,562,950,453,57515,437,I thought the weather was catching COVID https://t.co/e8wUU2D0iK,[]
91,ChefGod_DAVE,IG:@ChefDave_TheChefGod  #ChefDaveMePleaseğŸŒ¹,,584,934,39170,3610,remember when we thought covid was gonna last three months? now look at us .... about to enter our third year with it. https://t.co/cen6GtUOrt,[]
92,Greg40800368,Free thinker and common sense advocate. Put the shoe on the other foot type of person.,WA,777,367,19478,131,Yesterday Scotty was on TV stating the Australian people have decided to live with covid.  I don't remember the vote do you?,[]
93,AJ4LV4R3Z13,do i have to write a bio?,,242,146,3957,3610,remember when we thought covid was gonna last three months? now look at us .... about to enter our third year with it. https://t.co/cen6GtUOrt,[]
94,knghts4eva,,"Las Vegas, NV",360,100,25529,7,Oilers head coach Dave Tippett officially placed in Covid protocol.,[]
95,ekojhones7,"Loyalis AHY, Wasekjen AHY Football Club, Host Anti Cokro TV","Menteng, Indonesia",425,852,3166,1,"The AFF committee cheated and unfairly banned Indonesian player Elkan Baggott because one plane tested positive for Covid. Meanwhile, Malaysian players who share the same room as Covid players can play. https://t.co/qAIIPlRz7F",[]
96,C_Law79,Dad; Tech professional; HCI Guy; Motor racing; Politics; Food.                                               â€˜You are the universe experiencing itselfâ€™,Sydney,663,161,1223,0,@RonniSalt Do you get the feeling that with the LNP staring down defeat next year that they will take the strategy of making COVID worse so they can attack an incoming Labor government for not controlling it? Same playbook as in the US.,[]
97,RonaldLeeAllen1,"Christian,Eye Surgeon, Crypto fan ,especially Cardano,VET, QNT,DAG, dad to two black labs",,880,164,6647,1395,Iâ€™m listening to @joeroganâ€™s interview with Dr. McCullough. Iâ€™m now thoroughly convinced that the only â€œincompetenceâ€ in the global government response to Covid is the incompetence that was weaponized by the powers of evil. Absolute power corrupts absolutely. phenomenal podcast,[]
98,ethanxzane,,,351,529,22714,4525,YOUR MOM IS SO OLD sheâ€™s at an elevated risk for Covid and I hope sheâ€™s taking extra steps to ensure her safety during this frightening time,[]
99,civilengineer,"Energy, climate & engineering.

DOB 307ppm CO2

Does not tolerate BS well.","New South Wales, Australia.",394,593,22425,0,"@KAMurphy1952 @RogerBoybeagles A lot of children learn to live with water too. Throwing them in at the deep end of the pool is universally recognised as a poor way of getting to ""lives with"" in both situations.

86 positives from one evening at one nightclub in Newcastle indicates what ""living with Covid"" is.",[]
100,BooksApril,"Come quickly, Lord Jesus
#Freedom
#TooMany #TooSoon
Say no to the hokey pokey. Say no to health passports.",,340,121,4224,202,"@P_McCulloughMD As a physician intimately involved in the care of Covid-19 patients I could not agree more . It is high time to end this mess..malfeasance , disingenuity and a violation of our oaths on a grand scale. I have for the first time been ashamed of our medical establishmentâ€¦",[]
101,DenisGorman,"Words for @ap_sports, @newsdaysports, @thehockeynews, @nytimes, @torontostar, @starsports. Instagram: @DenisGorman. DMâ€™s open for tips. He/Him. @thephwa member.","Queens, New York City",5000,2247,185218,7,Oilers head coach Dave Tippett officially placed in Covid protocol.,[]
102,TitoMartinez09,Arsenal FC âš½ï¸ MavsğŸ€CowboysğŸˆ Rangersâš¾ï¸,"Dallas, Tx ",169,140,5325,3,"Kroger, the countryâ€™s biggest traditional grocery chain, is ending some benefits for unvaccinated workers as big employers attempt to compel more to become vaccinated with cases of COVID-19 again rising.  https://t.co/Qthsr92amY",[]
103,Bluey_Angel2012,,Australia,176,15,1047,784,"The more people try to control the Covid narrative, the more Covid will control us.

Governments need to acknowledge the science of aerosol transmission and very real long term risks of repeated infection causing permanent neurological and tissue damage.

We are killing ourselves",[]
104,Messi52206454,,,10,5,12,0,"@Cryptonite_club @DoomHero3 COVID 19 has slowed down many economies around the world but as a crypto business, does it affect you negatively or positively? Are you still on track to achieve your goals or are you planning a new development?",[]
105,poulomi15238011,Animal Lover. Painter. Mother of 2 babies. 1 fur baby and 1 toddler. Proud to be a fun loving and a passionate person in whatever I do.,"Dublin, OH",199,639,132203,6,"â“What about the Game &amp; Covid App Sushant was working on &amp; was supposed to launch.
â“ How come similar game &amp; app released immediately after his death 
@PMOIndia @HMOIndia @ips_nupurprasad @KirenRijiju 

Our Commitment Justice 4 SSR https://t.co/pGy0iTAehL",[]
106,moocowsue,,,715,327,133472,54,"Why do I encounter so *many* folks who tell me they refuse to get vaccinated because the vaccines are brand new and haven't been adequately tested (and besides covid is just the flu)...then talk up equally novel monoclonal antibody treatments as a miracle cure for ""just the flu""?",[]
107,c_y_e_t_,Nurse anaesthetist. ğŸ¥¦ğŸ¥¬VEGANğŸ¥—ğŸ¥•,Zimbabwe,1499,1099,8891,784,"The more people try to control the Covid narrative, the more Covid will control us.

Governments need to acknowledge the science of aerosol transmission and very real long term risks of repeated infection causing permanent neurological and tissue damage.

We are killing ourselves",[]
108,HollyTse1,,,126,14,718,243,"Even I canâ€™t wrap my head around what we are about to witness in regards to COVID spread.  

I am still hoping that although vaccinated folks may get infected they wonâ€™t get too sick. 

Please get a booster ASAP if you can. 

And start thinking of your own COVID plan.",[]
109,devislaskar,"poet, ğŸ“·, author: #TheAtlasOfRedsAndBlues @counterpoint @fleetreads @hachetteindia & on 5/3/22 #CIRCA @marinerbooks @harpercollins https://t.co/XmOgxIt1uj",NorCal,5106,4730,147174,2515,"As we mark 800,000 American deaths due to COVID-19, we must remember all those we have lost â€” and pray for their loved ones, especially during this holiday season.
 
Please, get vaccinated and get your booster. We will beat COVID-19 and move forward, together, as one nation.",[]
110,Dineshtiwari51,"#à¤œà¤¯_à¤¶à¥à¤°à¥€_à¤°à¤¾à¤®

#à¤­à¤¾à¤°à¤¤_à¤®à¤¾à¤¤à¤¾_à¤•à¥€_à¤œà¤¯","Jodhpur, India",7500,6864,54205,8,"Covid 19: Over 55 per cent of India's adult populationfully vaccinated now
https://t.co/HKtDQLGYlj 

via NaMo App https://t.co/ZTCP3Q7Odh",[]
111,fusasippona,"ã‚¹ãƒˆãƒƒãƒ—é¢¨ç–¹ã€€ã‚¹ãƒˆãƒƒãƒ—å—å‹•å–«ç…™
S37å¹´åº¦ï½53å¹´åº¦ç”Ÿã¾ã‚Œã®ç”·æ€§ã®çš†ã•ã‚“é¢¨ã—ã‚“ã®äºˆé˜²æ¥ç¨®ã«ã”å”åŠ›ãã ã•ã„ï¼ã€€https://t.co/Zuf8ssuB5K",,2704,1893,980407,21,"New daily cases chart for Cornell university (that's a vertical blue line on the right)
--903 student cases this week according to Cornell dashboard. ""The entire spring 2021 semester saw just 456 cases total.""
--No severe illness yet among the new cases
https://t.co/pOtNG6z7JV https://t.co/YiINM0nTZe",[]
112,BestHindiTech1,https://t.co/MTLMnTtgde,India,1975,162,161633,0,B.C. health officials use â€˜strict processesâ€™ to prevent COVID vaccine recordÂ fraud https://t.co/ZQcRqkEwyf,[]
113,JackieHansard,"Food, wine, people, coffee, music & travel obsessed almost lawyer & teacher. Netballer & lover of all things arts,cultural, creative & ocean & water related.",Sydney,3601,1727,57066,131,Yesterday Scotty was on TV stating the Australian people have decided to live with covid.  I don't remember the vote do you?,[]
114,avava45,,,633,406,41117,69,"By Mary Ward (@marywardy)
NSW Health Minister Brad Hazzard says health authorities are anticipating the state could see 25,000 COVID-19 cases a day by the end of January as the Omicron variant spreads.

This, on the day that all restrictions in NSW lifted.",[]
115,sn_nba,The latest on the NBA from @SportingNews,United States and Canada,1807,20598,47736,0,Bucks' Giannis Antetokounmpo enters NBA's COVID-19 protocols https://t.co/v0ppEmuQ9P https://t.co/ZeuhVyyZ2z,[]
116,Tsand88,God Fearing Gun Toten Texan! I have a great wife and daughter Love Texas and the USA! Huntin NASCAR Show Life and Country Music #NFB Cowboys  MAGA,Texas,5057,5354,206017,9,"He goes there
Dr. Fauci Admits That Covid Vaccines May Actually Make People â€˜Worse
â€œIt Would Not Be The First Timeâ€
https://t.co/1zQoCrzWan",[]
117,shreksshrek,"Been an Army NCO over 17yrs... Know how to have fun (better than most). Big love for my State. Follow me around SE #WI, or don't. ;) 

Isaiah 62",,2475,2390,81793,1395,Iâ€™m listening to @joeroganâ€™s interview with Dr. McCullough. Iâ€™m now thoroughly convinced that the only â€œincompetenceâ€ in the global government response to Covid is the incompetence that was weaponized by the powers of evil. Absolute power corrupts absolutely. phenomenal podcast,[]
118,jojjeols,"Swedish writer in Asia since 2007. If you ask the Chinese ambassador to Sweden, I produce ""false and exaggerated content intended to maliciously smear China"".",Taipei,2644,13623,30483,0,"""The vaccine made by Sinovac Biotech, one of the most widely used in the world, does not provide sufficient antibodies to neutralise the Omicron variant, said Hong Kong researchers in initial lab findings"". https://t.co/HPKKteMoC5",[]
119,itzzzken,,Mia,478,517,18224,119,We really about to enter year 3 of Covid ğŸ’€ wtf,[]
120,sriramnarasim,"Pharma Research Scientist

â€œà®ªà®¾à®¤à®•à®®à¯ à®šà¯†à®¯à¯à®ªà®µà®°à¯ˆà®•à¯ à®•à®£à¯à®Ÿà®¾à®²à¯ - à®¨à®¾à®®à¯ à®ªà®¯à®™à¯à®•à¯Šà®³à¯à®³à®²à®¾à®•à®¾à®¤à¯ à®ªà®¾à®ªà¯à®ªà®¾, à®®à¯‹à®¤à®¿ à®®à®¿à®¤à®¿à®¤à¯à®¤à¯ à®µà®¿à®Ÿà¯ à®ªà®¾à®ªà¯à®ªà®¾ - à®…à®µà®°à¯ à®®à¯à®•à®¤à¯à®¤à®¿à®²à¯ à®‰à®®à®¿à®´à¯à®¨à¯à®¤à¯ à®µà®¿à®Ÿà¯ à®ªà®¾à®ªà¯à®ªà®¾â€",,3783,906,81369,0,@DrAmbrishMithal @Suhelseth @ArvinderSoin @AskDrShashank Means yearly once have to take Covid vaccine is it?,[]
121,MoscowMitchsMom,"Yes. I'm liberal. Deal with it. Bills, NYY, Dragons. BLZRULÂ©. #BLM #GOPTraitors #BidenHarris2020 #BillsMafia","Seattle, WA",4327,3695,30821,724,"Kroger to take away paid Covid benefits, add insurance surcharges for unvaccinated employees https://t.co/QJaSP5ygr4",[]
122,Erog11,Who R U?,Family First,637,347,32426,1,The NBA players talking to Covid-19 https://t.co/AbOcHyTg83 https://t.co/55Kvyfyhpu,[]
123,balaug02,back up account for@balaug01 || follow me and I will definitely follow you back.|| former influencer,Fort portal ,1315,2518,10348,2,"This Friday 17th December at 2pm, a webinar will be held giving you an opportunity to share &amp; learn how to navigate the effects of the pandemic ğŸ˜·, Tell about your public awareness projects you have done about Covid-19 and Vaccination ğŸ’‰. #ItsUpToUs 

THREAD: 1/2 https://t.co/FI1LZYrYR8",[]
124,KenyaCoin,"Bitcoin and other cryptocurrency news relating to Kenya and East Africa, and to a lesser degree the rest of Sub-Saharan Africa.

Find me on Mastodon.",Kenya,4999,2524,17382,20,High Court suspends state directive on compulsory Covid jab  https://t.co/SEA2qvVdYE https://t.co/YaE9OKqme4,[]
125,pzcaprice,,Vroomshoop,97,46,1365,1083,"Why is Covid-19 Vaccination of Children an Unforgivable Sin

#COVID19 #VaccinationEnfants #vaccine #Covid_19 #kidsvaccine

Find us on socials
https://t.co/uoOdow3Kda

https://t.co/Ez9ivyuP47","['COVID19', 'VaccinationEnfants', 'vaccine', 'Covid_19', 'kidsvaccine']"
126,JaredJustice11,,,147,10,565,0,"@geoffjBYU @CougsAndy I would imagine that has much to do with our Missionary Program and birthrates higher than others. We will be good to stay at 2%...I feel Covid has caused many to ""leave"".",[]
127,sportaruce,"SPORTARUCEâ„¢ is dedicated to providing its audience with various useful tips, news and original content, because we absolutely love the sport.",New York,560,332,73474,0,"Giannis Antetokounmpo, Donte DiVincenzo enter NBA's COVID-19 health and safety protocols - Milwaukee Journal Sentinel https://t.co/Mtc3ptPQ7Z https://t.co/j6nFAWvWz4",[]
128,Manishmenna,"Earthling. 
*Patriotism/Nationalism is the last refuge of a scoundrel.*
Overthrow this rotten system! A better world is possible. â˜­
No DMs please",,1633,1439,36214,41,The U.S. government is so incompetent it allowed the COVID death toll to reach 800k today.,[]
129,JRoadsreal,"ğŸ™ï¸ Host of the @NormSuxPodcast Co-Hosted by @Frovs  where we talk about the failures of MN sports and other stuff 
ğŸŒ²âš½ Co-Owner of @mnwoso âš½ğŸŒ²
ğŸ’‰ Vaccinated ğŸ’‰","Minneapolis, Minnesota",3111,638,24371,173,Canucks defenceman Tucker Poolman will not return to tonightâ€™s game. Poolman has been placed into the NHLâ€™s COVID-19 protocol.,[]
130,QuatrinaVr,"I may not agree with your opinion, but I will defend, to my death, your right to speak it.",United States,156,90,20152,88,The small percentage of people still scared of Covid post vaccination are disproportionately influencing global policy.,[]
131,aVvnslZn3NRWScm,,,64,3,276,0,"@BrookeSigman2 @Fava @rorycooper But just so you know she got CoVid before she got the vaccine. Now that she is vaccinated she has being doing well and now she is going back to her pre-pandemic activities. 
#vaccineswork",['vaccineswork']
132,screamandletyou,"AMERICA Democracy holds â¤
Joe Biden President 
Kamala Harris Vice President 
turned the page, next chapter
The world breathes a sigh of relief",,3124,937,232874,590,"""In Massachusetts, if the unvaccinated got vaccinated, we drop our hospitalization rates by 50 percent.""
https://t.co/0tQTYkyF1W",[]
133,1k_north,ğŸš¶ğŸ¾â€â™‚ï¸,Northside,153,116,11313,9,This is dead ass how I got covid  last year ğŸ¤£ I gave up the milk after that https://t.co/XurOWwWZ9G,[]
134,BarbMccown,Loves to read.  Retired teacher.,,257,94,43259,1,"Fox News hosts privately panicked on Jan. 6. Then they frantically rewrote history. https://t.co/Ass94pa7QY via @MotherJones faux news(fox) needs to be held responsible for lies, disinformation &amp; hate &amp; their part in COVID DISINFORMATION &amp; LIES that cause more than 800,000 to die",[]
135,MGFKitchen,"Gluten Free Cooking, but I get political here! #Advocate #Celiac #Asthma #IBS #GlutenFree #MGFKitchen #VaccinesWork #LongCovid She/Her","Stony Plain, Alberta",220,1672,14170,0,"@amygamie Iâ€™m very happy that youâ€™ve been able to stay covid free! And yes, it is a privilege. My husband caught it while working, before vaccines, when it was thought that it was spread through droplets. We followed all the rulesâ€¦but it just wasnâ€™t enough.",[]
136,MrDJones,"Thanks Everyone. Supplemented NEWS, COMMENT, etc.... from Home and Abroad. Content remains expressly 'theirs'. (...)",,2278,5007,2565296,0,CHANNEL 4 NEWS: South Africaâ€™s Covid journey: inequality and anger https://t.co/Z9TTLkD9vB or https://t.co/kf82fBsZPT https://t.co/whwBRABdwe,[]
137,SmythRadio,"Current President of City Council, Cheviot, OH | #USMC Veteran | @AMPFEST_USA Official | Product Lead for @PureSocialNet",Land formerly known as the USA,15749,16165,57327,1811,Welp...my triple vaccinated mother has covid. I'm so over this crap ğŸ¤¬,[]
138,sn_nba,The latest on the NBA from @SportingNews,United States and Canada,1807,20598,47736,0,Nets' James Harden placed into NBA's COVID-19 protocols https://t.co/kBSbUI95Rs https://t.co/GHcwtA4jtw,[]
139,Visiologist1,"âœï¸Christian. Left-wing politics=the ğŸ˜ˆ of this ğŸŒ. 
I'll ğŸ‘ï¸ you its naivety, hypocrisy and the lack of ğŸ§ . A supporter of ğŸ†“ ğŸ”« ownership. More CO2 is more ğŸŒ³.",Anywhere,947,326,7082,680,"A senior German Cardinal has warned that the likes of Bill Gates, George Soros and Davos Economic Forum head Klaus Schwab are using the coronavirus pandemic to force the world under â€œtotal controlâ€ of globalist â€œsuper-rich elites.â€

https://t.co/ylXQpX4lJ1",[]
140,JertellP,"Fuck it, We Ball","Fresno, CA",4861,1121,347811,44,Dwight Howard and Malik Monk have entered the NBA's COVID protocols.,[]
141,mkultra1971,,,1034,319,13382,2092,"ğŸš¨âš½ï¸ | NEW: Carlisle United have reduced their stadium capacity to 9,999 so that fans wonâ€™t have to show Covid Passports and vaccination status to comply with government rules",[]
142,KaraHugsalot,She/Her | Aromantic Lesbian | Voidpunk Succubus | Black Lives Matter | Hel's Girl | ğŸ”,"Canterbury, England",311,640,64751,102,"â€œWe canâ€™t afford itâ€

Can we afford the police &amp; military systems? Why is that question any less relevant than asking whether we can afford to provide households with free covid tests? Or canceling student debt? Or canceling rent? Who makes these determinations &amp; based on what??",[]
143,chris_gallinger,"If elections were important, would government allow them?", Alberta,590,220,1333,5511,Dr. McCullough with Joe Rogan:  JRE main event went 15 rounds with COVID-19 scientific truth!  https://t.co/exSNDJpTfo,[]
144,hhlouise,WEAR A ğŸ˜·,United States,5000,1700,54819,120,Disinformation doctors are now providing sworn testimony in major COVID-19 related court cases - testimony that lacks any scientific basis and is far outside the medical consensus - and judges are citing this disinformation in their legal opinions. https://t.co/bb2ABMNEYt 1/ https://t.co/5JYLjrIqLC,[]
145,bennydiego,Liberal. Activist for equality and democracy. Rightists want to destroy America and must be stopped. #BidenHarris #AntiFascist #AbortTheGOP #BLM #LGBTQ+ #Dem,ğŸŒˆğŸ ğŸŒŠ,76653,76694,110788,0,Google has told employees they must get vaccinated against COVID-19 by Jan. 18 or face a series of escalating consequences that will include pay deductions and the eventual loss of their jobs.  https://t.co/O5UcCya3td,[]
146,MatthewNewell67,Old and Bold.,Birmingham,1520,663,39604,0,"@20Servant @TickleTexts More:

https://t.co/90xWAqPGm7",[]
147,maricelaa_c,JAL ğŸ‡²ğŸ‡½,"San Jose, CA",345,753,3529,3610,remember when we thought covid was gonna last three months? now look at us .... about to enter our third year with it. https://t.co/cen6GtUOrt,[]
148,theluckyman,"Houstonian.
Local Intermodal Truck Driver.
Moderate Democrat. Proud African-American.
ğŸ‘»/KIK: theluckyman87
https://t.co/2qRByDDgVX #BlackLivesMatter",United States,6072,5569,307936,0,"BBC Alert! Covid-19: US surpasses 800,000 pandemic deaths https://t.co/18XK8s4Oem https://t.co/qpkfrdrqc9",[]
149,collapsifornia,"Collapse now and avoid the rush. 

Formerly Fake, Politically speaking.",happy fun COVID rest camp #39,116,132,8203,0,"Some of us were paying attention back then, and saw that they were running the same playbook with COVID https://t.co/uBeoKTGgVm",[]
150,mullin_joyce,Vote Biden,,28,24,3917,463,"CNN: More than 800,000 people in the United States have died of Covid since the start of the pandemic, according to data from Johns Hopkins University.",[]
151,charleezcat,"Yesterday is History, Tomorrow is a Mystery.",,508,384,49533,1,"@ChrisHainestuns So you losing custom is bad, but folk catching COVID in your pub is OK?",[]
152,integral_trees,Gay patriot here. No DMs. Iâ€™m tired of paying for other peopleâ€™s shit,,2681,637,3484,9626,"Japan on vaccines: ""Although we encourage all citizens to receive the COVID-19 vaccination, it is not compulsory or mandatory..Please do not force anyone in your workplace or those around you to be vaccinated, and do not discriminate against those who have not been vaccinated.""",[]
153,Courtne53082205,,,1,0,9,0,@glovejoyrealtor @JakeStephens @britineyj I see by your profile you work in a Healthcare setting. I wonder what your job or clients would think if someone showed them the kinds of things your posting publicly about covid. Hmmmm...,[]
154,sallisstewart,"Mother of 2, wife, teacher, sister, daughter....",,141,172,2576,135,"For those questioning the vaccines, BC has released new data that shows the average unvaccinated resident is 7X more likely to catch COVID, 30X more likely to wind up in hospital, and 50X more likely to wind up in ICU. 

#yeg #Yyc #ableg #Covid19ab https://t.co/OXDBX2qhuk",[]
155,RichDuszak,"Physician, teacher, researcher, and policy wonk. Vice Chair, @EmoryRadiology. Striving to pay it forward and put the care back in healthcare.","Atlanta, GA",612,24091,70122,0,"""His spouse and infant child came in to say goodbye just before he was sedated and intubated. 'I donâ€™t think Iâ€™ll see you again,' he said. He died before the end of the week. He was unvaccinated."" https://t.co/jUW0oDrLV9",[]
156,dr_dzus,"husky dad, ex-military, private pilot, engineer - recovering ex-dem, anti-mandate/lockdown - pronouns: lets/go/brandon","iPhone: 46.851796, -121.756957",460,178,611,0,"Can't wait until this time next week, when I'm in COVID hysteria-free Florida for the holidays.",[]
157,the_golden_20,amosc:blackflash865,EAST TN,600,828,90065,3029,"NFL now has had 75 player positives for COVID the past two days, per source.",[]
158,BarbMccown,Loves to read.  Retired teacher.,,257,94,43259,1,"Fox News hosts privately panicked on Jan. 6. Then they frantically rewrote history. https://t.co/Ass94pa7QY via @MotherJones faux news(fox) needs to be held responsible for lies, disinformation &amp; hate &amp; their part in COVID DISINFORMATION &amp; LIES that cause more than 800,000 to die",[]
159,ArgusC,Argus-eyed = carefully observant or attentive; on the lookout for possible danger #DutyToWarn I am a woman #TeamPelosi #BidenHarris #BlueWaveForever,"California, USA",5644,5345,487261,3665,"Today, the House holds a moment of silence for the 800,000 lost to COVID-19.
 
If we held one minute for each individual, we'd be silent for a year and a half.
 
Honor their memory by protecting yourself and your loved ones.
 
Please, go get vaccinated (and boosted).",[]
160,CourtProf,JD/PhD teaching criminal justice at Weber State University. Focused on state and federal courts. Tweets â‰  endorsements nor the views of WSU.,"Ogden, UT",5003,1039,106830,2515,"As we mark 800,000 American deaths due to COVID-19, we must remember all those we have lost â€” and pray for their loved ones, especially during this holiday season.
 
Please, get vaccinated and get your booster. We will beat COVID-19 and move forward, together, as one nation.",[]
161,pierread,F-Pres Barack Obama est mon plus illustre follower. Jâ¤ï¸ğŸ“» twitter planet observer,   â›µï¸. ville de QuÃ©bec  â›µï¸,3019,2023,176037,2,"France on Tuesday reported 63,405 coronavirus infections, the second-highest number of new infections this year since April. https://t.co/SpgP70sKbE",[]
162,anotherglenda,"Left wing, cares about welfare of people, living things & environment, blocks RWNJs, trolls & pick-up artists",SW Vic Aus,1586,1049,66507,131,Yesterday Scotty was on TV stating the Australian people have decided to live with covid.  I don't remember the vote do you?,[]
163,ASUUte,"Born 'n raised Ute, but Sun Devil alum. Football (soccer) enthusiast and world traveler. Go Utes, COYW, Fork 'em, and Stars and Stripes to Glory!",,1066,929,87719,9,"George Washington University now requires a #BoosterShots against #COVID19 for all eligible members of the campus community, citing recently detected cases of the #OmicronVariant. https://t.co/rKDkpayMld","['BoosterShots', 'COVID19']"
164,Judas_SaveMe,"Watch Me


IG:https://t.co/0Fw0YXCrcf
WATTPAD:https://t.co/YpYwCHEomXâ€¦
FB:https://t.co/qB06yahjo0",,938,117,3823,3611,remember when we thought covid was gonna last three months? now look at us .... about to enter our third year with it. https://t.co/cen6GtUOrt,[]
165,SusanDeSanti,"retired antitrust attorney, singer, political junkie",,1622,462,259626,189,"So many members on both sides voting by proxy, which as a reminder was supposed to be used only if covid prevented a member from returning for votes. Now, members would rather stay at home and then vote by proxy. Plus Rs who backed the lawsuit against proxy voting now doing it",[]
166,Sandra_Cole44,"II ğŸ©Writer, Reader, Books (loads of books) ğŸ“šAdvocating for Human Rights, Foodie, ğŸ·Jazz & Music ğŸ¸ Medical Historical Stuff, Crime Stories ğŸ‘€Sherlockian ğŸ©II","past, present, future",3194,1374,96593,0,"@lawprofblawg School Cafeteria Special of the Day: 
COVID RagÃ¹ over a bed of Delta Variant &amp; side order of Omicron. Your choice of Pfizer or Moderna Soda. ğŸ˜¬",[]
167,BobDobolina1984,,,989,34,2879,834,1/ Here's an example of how parents are being lied to about the safety of COVID-19 vaccines for children.,[]
168,jtriangleason,youâ€™ll only feel bad about it as long as youâ€™re supposed to,Junkertown,327,358,63331,652,"Weâ€™re going to see more of this from companies. It not about politics, but the bottom line. Businesses are increasingly viewing unvaxxed as a workplace liability. 

Kroger no longer offering paid emergency leave to unvaccinated workers who catch COVID-19 https://t.co/Dl6xngBAKE",[]
169,TheChestnutPost,Latest in Breaking News,"Washington, DC",0,250,356247,0,COVID: Marin Students Part Of Massive At-Home Test Experiment To Prevent HolidayÂ Surge https://t.co/vwRQh7qyhp,[]
170,TheChestnutPost,Latest in Breaking News,"Washington, DC",0,250,356247,0,COVID: In-Person Graduations Return To San Jose StateÂ University https://t.co/B8yr6BEbQT,[]
171,Kevincaba_,The Only Way Is Up IG: Kevincaba_,"Miami, FL",985,1300,55490,3,Jamal Murray's return directly coinciding with another NBA bubble due to this covid outbreak.....ğŸ§ğŸ§ğŸ§ https://t.co/O0qqHH8X1j,[]
172,JoeMooreHH,#Preds | #NHLBruins | #Flames| Host of the Between The Lines Hockey Podcast (@BTLHockeyPod) | Writer for @HockeyHoundShow | Private: @Officerbravo68 |,"Edmonton, Alberta",4174,2417,14936,7,Oilers head coach Dave Tippett officially placed in Covid protocol.,[]
173,RaeTrinity2,"Truth Seeker, Patriot, second account because Twtr doesn't like the Truth. âœï¸ğŸ‡ºğŸ‡¸

RT does not always = endorsement.",,411,295,3018,0,Bidenâ€™s Bounty on Your Life: Hospitalsâ€™ Incentive Payments for COVID-19. https://t.co/GnbNJCFiOo,[]
174,PINKPARADISIN,dilf and loona lover | #SeaKraken #ResilientSF,she/her | 20 ,183,156,32128,199,NHL covid prevention strategy https://t.co/BjHBM2nuvq,[]
175,KVacio2010,A gem with a killer stare.,"McGuire Air Force Base, NJ",65,194,24031,14,"How the first American vaccinated against COVID-19 feels about the pandemic a year later
https://t.co/njw6wSTZ7F",[]
176,jovdbjo,"Likes Food, Fiction, Politics, Cats, & looking at water. No wonder I'm still not sure what to do when I grow up.","Greenwich, London, Europe",2046,723,4950,1524,"Tory MPs will tolerate shit in our rivers.

They won't protect children from Covid

They will take away our human rights.

And our freedom of movement.

They will trash the economy for Brexit.

But they will rebel over wearing a mask.

They're beneath contempt.",[]
177,KimManley7,"Letâ€™s get it right shall weâœ¨Democracy Now & ForeverğŸ’ªğŸ¾ğŸ’ªğŸ¼ğŸ’ªğŸ½ Equality, Peace & JusticeğŸŒ",,470,599,93954,3666,"Today, the House holds a moment of silence for the 800,000 lost to COVID-19.
 
If we held one minute for each individual, we'd be silent for a year and a half.
 
Honor their memory by protecting yourself and your loved ones.
 
Please, go get vaccinated (and boosted).",[]
178,FriedgeHNIC,"Trust the Weirdness, and You Are Not Alone -- https://t.co/G3jBI3M45Y. â€œThe best way out is always through.â€ (Robert Frost)",,672,649879,8605,7,Oilers head coach Dave Tippett officially placed in Covid protocol.,[]
179,CycloneLizzy,#Music ğŸ§ #Film ğŸ“½ #ENTP #writingâœ#FamilyWellbeing #Community #SocialHousing #BlacklivesMatter #Inclusion #Humanity #Empower #KindnessTrainğŸš‚ ğŸ’™ #HugsCount ğŸ«‚,Gunai & Kurnai Peoples' Lands ,7261,8967,160466,47,"If you received your second COVID-19 vaccine in July or earlier, now is the time to have your booster.  

This table will help you plan when to have your COVID-19 booster vaccine. Keep it handy and share it with friends. https://t.co/tuAWCbxkBP",[]
180,aeskata,We will defy the dictators in every possible ways.We stand in solidarity with the oppressed people.Carry on and fight for your freedom,United States,303,368,39370,0,"About 200 IDPs have died due to COVID-19 at IDP camps camps in Shan and Kayah State. In addition to COVID-19 epidemic,mothers and children in refugee camps face deaths from malnutrition. #TakeAction_NoMoreWords #Dec15Coup #WhatsHappeningInMyanmar https://t.co/RdwcS3ZMyo","['TakeAction_NoMoreWords', 'Dec15Coup', 'WhatsHappeningInMyanmar']"
181,Snappahed82,"Here lies Snappy, first of his name.
No patience for shit stirrers, time wasters or fuckwits.",West Oz,239,11,307,5,"@TAFEdefender And the spread across Australia will be rapid. NSW gave us covid in all its configurations so far, why not omicron. NSW, the state that stuffed Australia.",[]
182,juliepower,"Sydney Morning Herald journalist covering life to death, with strong interest in safety & injury prevention. DM if you've a story that will save lives.","Sydney, Australia",3878,3843,8434,69,"By Mary Ward (@marywardy)
NSW Health Minister Brad Hazzard says health authorities are anticipating the state could see 25,000 COVID-19 cases a day by the end of January as the Omicron variant spreads.

This, on the day that all restrictions in NSW lifted.",[]
183,when_lights,White Sustainability Advocate/ White Preservationist,American Solovetsky ,503,100,27212,322,"Remember that time when the President of Tanzania ordered a papaya and motor oil to be tested for COVID-19, both of which came back positive?

Good times.",[]
184,GWillkrs,"I own quality companies with incorrectly high implied volatility. Sales, FCF growth is all you need. No investment advice.",,24,2,22,0,"@CCM_Ryan I am really trying to get the right balance quant vs qual factors. $SFM is strong quant of course, even if they give some Covid bump back. Qual, I am not sure. Its a cheap, quick whole foods? Is it pro or counter cyclical? secondary grocer (pro) vs cheap WF (counter)",[]
185,JJacqs59,The Only Thing Necessary For The Triumph Of Evil Is For Good Men & Woman To Do Nothing,Australia ,158,175,15033,2,Just had a colleague insinuate that I shouldn't be mixing with extended family this Christmas because I'm not 'covid secure' (jabbed). Since when has that helped?! I laughed in her face,[]
186,TourlifeKing,TransportğŸš•| TravelğŸŒ´|Automotives ğŸš˜|Printing ğŸ“ ,Sthiba X Bloemfontein,1673,3962,53693,4,The Free State Health Department says the province has been recording double the normal daily number of COVID 19 infections over the past few days.,[]
187,adammasonphoto,Midwest guy who loves photography,Midwest,7,1,8,156,"âš ï¸Suicide rates among children FELL during full lockdown!

âš ï¸When lockdowns lifted and schools open w/o masks: COVID becomes children's #1 killer disease

Could @MonicaGandhi9 have been exactly perfectly wrong and her advice has brought untold damage? https://t.co/P7nhtBQfm8",[]
188,DarrenMHaynes,"9x Emmy Winning ğŸ†Sports Director/Anchor @WUSA9, Former @ESPN SportsCenter AnchorğŸ“¡ Man of God ğŸ™ğŸ¾ FatherğŸ‘§ğŸ½ HusbandğŸ‘‘ Hall of FamerğŸ– Î©Î¨Î¦ UConnğŸ€Fan","Washington, DC",1539,15253,17255,0,"Everything you need to know about The Washington Football Team COVID-19 outbreak:

FULL STORY: https://t.co/7cgfvtGapl
@wusa9 #WashingtonFootball https://t.co/cxWYs1WzT5",['WashingtonFootball']
189,mworr,Massive Toon fan. SENCO who works across what feels like the most frustrating system that could be invented.,"Low Ackworth, England",884,651,2786,3578,"Conservative MP Desmond Swayne says the â€œcarnageâ€ on UK roads is â€œcertainly killing more people than Covid at the momentâ€.

For context there were just 1,460 deaths on British roads in the whole of 2020, compared to more than 4,000 deaths of people with Covid last month alone. https://t.co/NVD6SxhTKB",[]
190,DavidCStokes,Worldâ€™s worst social media influencer.,"St. Louis, Missouri",468,1340,16944,0,"This is why my family got vaccinated, so we can go on with our lives and not have Covid control every aspect of it. https://t.co/rIEl1qBPtV",[]
191,BLcat2265,,"Dayton, OH",376,10,107,17,Buh bye @kroger Supermarket Giant Strips Unvaccinated Employees Of Their Benefits https://t.co/pVhYysH6IZ via @dailycaller,[]
192,liveocgirl,ğŸˆWriter https://t.co/a3fcjgQVVl /Seen on MSN/ https://t.co/gOecokCnAe / Fantasy Advice/ https://t.co/ASrcxTXkenâ€¦ Live by BUCS but GO SAINTS! #SFB11 /Just Be Kind,The OC to Tampa Bay,4809,13458,87281,0,@darrin_bronfman Kind of thinking Peoples-Jones with a lot of Browns maybe missing due to COVID esp. Landry,[]
193,rotolytics,Formerly The DFS Guru | Real analytics for fantasy sports | Daily fantasy sports projections exclusively through @RotoQLapp | https://t.co/Bf6tQzS00n,"Columbus, OH",416,1827,39296,0,Giannis Antetokounmpo has entered the league's COVID-19 health and safety protocols and has been ruled out for Wednesday's game against the Pacers. https://t.co/yObTxPtB5f,[]
194,SugaFienx,Hallucinating by looking at a dead tree,reading a book,501,43,31407,4525,YOUR MOM IS SO OLD sheâ€™s at an elevated risk for Covid and I hope sheâ€™s taking extra steps to ensure her safety during this frightening time,[]
195,saltycomment,If you pluck a chicken one feather at a time no one notices. There is a lot of feather plucking going on Followed by @TeaPainUSA @ROSIE @glennkirschner2 âœğŸ¼,,5377,6721,280443,524,"A reminder that Crimestress Ivanka and criminal slumlord Jared Kushner were involved in everything from the insurrection to the disastrous covid response that resulted in 800,000 Americans dying all the way to using the White House as a money fraud scheme. They seem quiet lately.",[]
196,datchmog,ğŸ•¯ğŸ’™ ğŸ’šğŸ‡¬ğŸ‡§ğŸ´ó §ó ¢ó ¥ó ®ó §ó ¿ğŸ´ó §ó ¢ó ³ó £ó ´ó ¿ğŸ´ó §ó ¢ó ·ó ¬ó ³ó ¿ğŸ‡ªğŸ‡º ğŸ‰#FBPE #BLM #FBNHS #FBPA #FBPPR #PATH #Woke (Awake at least),Brexshitland,4929,4621,54275,970,"I drove my kids to school, I asked the teacher how many kids had covid to be told she couldn't say. I demanded I had a right to know she then said my daughters class has been hit really hard. We have a right to know!! Furious. My kids came home with me! ğŸ˜¡",[]
197,MikiSchmiki,Karaoke junkie|Joel Plaskett buff|Oilers fan|'Weird Al' aficionado|Trews groupie|Sheepdogs rocker|Half-Asian|YEG Fringer|Pro-vaxxer|Kraken enthusiast|She/her,AmiskwaciwÃ¢skahikan | Edmonton,1121,398,25604,4525,YOUR MOM IS SO OLD sheâ€™s at an elevated risk for Covid and I hope sheâ€™s taking extra steps to ensure her safety during this frightening time,[]
198,jorjan333,"Photography, Music & Animals. An Australian citizen in Las Vegas ğŸ² & Hollywood ğŸ¥ ğŸ‡ºğŸ‡¸ğŸ‡¦ğŸ‡ºThe Australian government is restricting ğŸ‡¦ğŸ‡ºâ€™s from returning.",United states ,331,327,5970,0,@GourmetMale Exactly! Itâ€™s really frustrating! And now ppl are calling to be lockdown again. They need to understand thereâ€™s no escaping Covid.,[]
199,sootmeister,"Stonemason and grafter. 1973 baby. Was â€˜mad fer it', now in bed by 10pm. To & tooâ€™s always wrong.I tweet/retweet any nonsense. #lufc #boxing #GSD ğŸ´ó §ó ¢ó ·ó ¬ó ³ó ¿",,959,1337,35315,2092,"ğŸš¨âš½ï¸ | NEW: Carlisle United have reduced their stadium capacity to 9,999 so that fans wonâ€™t have to show Covid Passports and vaccination status to comply with government rules",[]
